2020-08-11	40
2020-08-12	157
2020-08-13	37
2020-08-14	52
2020-08-15	41
2020-08-22	13
2020-08-23	47
2020-08-29	365
2020-08-30	251
2020-08-31	117
2020-09-01	16
2020-09-03	172
2020-09-04	35
2020-09-06	174
2020-09-08	12
2020-09-09	42
2020-09-10	20
2020-09-11	46
2020-09-13	47
2020-09-14	30
2020-09-16	130
2020-09-17	29
2020-09-18	12
2020-09-19	23
2020-09-20	58
2020-09-21	81
2020-09-22	38
2020-09-23	121
2020-09-24	182
2020-09-25	109
2020-09-26	157
2020-09-27	147
2020-09-28	126
2020-09-29	237
2020-09-30	311
2020-10-01	544
2020-10-02	135
2020-10-03	380
2020-10-04	218
2020-10-05	166
2020-10-06	264
2020-10-07	38
2020-10-08	20
2020-10-10	19
2020-10-11	56
2020-10-12	14
2020-10-13	39
2020-10-14	122
2020-10-15	148
2020-10-16	90
2020-10-17	30
2020-10-18	60
2020-10-19	52
2020-10-20	11
2020-10-21	73
2020-10-22	36
2020-10-23	321
2020-10-24	42
2020-10-25	92
2020-10-26	39
2020-10-27	125
2020-10-28	215
2020-10-29	304
2020-10-30	13
2020-10-31	22
2020-11-01	74
2020-11-02	280
2020-11-03	86
2020-11-04	103
2020-11-05	104
2020-11-06	3
2020-11-07	77
2020-11-08	179
2020-11-09	66
2020-11-10	427
2020-11-11	271
2020-11-12	213
2020-11-13	146
2020-11-14	20
2020-11-15	591
2020-11-16	393
2020-11-17	289
2020-11-18	168
2020-11-20	879
2020-11-21	140
2020-11-22	1
2020-11-23	277
2020-11-24	125
2020-11-25	351
2020-11-26	398
2020-11-27	318
2020-11-28	263
2020-11-29	427
2020-11-30	344
2020-12-01	108
2020-12-02	167
2020-12-03	188
2020-12-04	107
2020-12-05	214
2020-12-06	294
2020-12-07	351
2020-12-08	190
2020-12-09	183
2020-12-10	23
2020-12-11	86
2020-12-12	101
2020-12-13	28
2020-12-14	228
2020-12-15	276
2020-12-16	84
2020-12-17	233
2020-12-18	261
2020-12-19	14
2020-12-20	29
2020-12-21	59
2020-12-22	79
2020-12-23	36
2020-12-24	52
2020-12-25	118
2020-12-26	156
2020-12-27	126
2020-12-28	48
2020-12-29	21
2020-12-30	1
2020-12-31	433
2021-01-01	17
2021-01-02	62
2021-01-03	183
2021-01-04	103
2021-01-05	130
2021-01-06	15
2021-01-07	231
2021-01-08	110
2021-01-09	211
2021-01-10	123
2021-01-12	146
2021-01-13	108
2021-01-14	111
2021-01-15	153
2021-01-16	116
2021-01-17	68
2021-01-18	348
2021-01-19	91
2021-01-20	97
2021-01-21	46
2021-01-22	96
2021-01-23	123
2021-01-25	102
2021-01-26	8
2021-01-27	341
2021-01-28	85
2021-01-29	2
2021-01-30	56
2021-01-31	82
2021-02-01	122
2021-02-02	114
2021-02-03	127
2021-02-04	125
2021-02-05	340
2021-02-06	105
2021-02-07	277
2021-02-08	53
2021-02-09	52
2021-02-10	273
2021-02-11	389
2021-02-12	58
2021-02-13	168
2021-02-14	50
2021-02-15	187
2021-02-17	273
2021-02-18	177
2021-02-19	522
2021-02-20	136
2021-02-21	201
2021-02-22	129
2021-02-23	250
2021-02-24	215
2021-02-25	211
2021-02-26	338
2021-02-27	221
2021-02-28	267
2021-03-01	68
2021-03-03	173
2021-03-04	10
2021-03-05	163
2021-03-06	306
2021-03-07	341
2021-03-08	348
2021-03-09	42
2021-03-10	39
2021-03-11	46
2021-03-13	2
2021-03-15	248
2021-03-17	22
2021-03-19	11
2021-03-21	23
2021-03-22	154
2021-03-23	36
2021-03-24	173
2021-03-25	89
2021-03-26	45
2021-03-27	302
2021-03-28	96
2021-03-29	105
2021-03-30	121
2021-03-31	11
2021-04-01	46
2021-04-02	115
2021-04-03	99
2021-04-04	110
2021-04-05	122
2021-04-06	9
2021-04-07	80
2021-04-08	34
2021-04-09	33
2021-04-10	32
2021-04-11	85
2021-04-12	44
2021-04-13	43
2021-04-14	124
2021-04-15	272
2021-04-16	22
2021-04-17	336
2021-04-18	126
2021-04-19	298
2021-04-20	15
2021-04-21	243
2021-04-22	26
2021-04-23	159
2021-04-24	228
2021-04-25	474
2021-04-26	74
2021-04-27	376
2021-04-28	86
2021-04-29	21
2021-05-01	238
2021-05-03	61
2021-05-04	355
2021-05-05	486
2021-05-06	289
2021-05-07	135
2021-05-08	16
2021-05-09	10
2021-05-10	185
2021-05-12	89
2021-05-14	201
2021-05-15	18
2021-05-16	128
2021-05-17	118
2021-05-18	118
2021-05-19	32
2021-05-20	363
2021-05-21	466
2021-05-22	86
2021-05-23	82
2021-05-24	117
2021-05-25	39
2021-05-26	62
2021-05-27	25
2021-05-28	144
2021-05-29	241
2021-05-30	161
2021-06-01	173
2021-06-02	4
2021-06-04	34
2021-06-05	28
2021-06-06	63
2021-06-07	5
2021-06-09	1
2021-06-10	4
2021-06-11	13
2021-06-15	4
2021-06-16	13
2021-06-22	91
2021-06-29	4
2021-07-07	8
2021-07-11	2
2021-07-31	28
2021-09-01	3
2021-10-06	1
2021-11-03	15
2021-11-09	115
2021-11-10	63
2021-11-11	150
2021-11-12	60
2021-11-13	58
2021-11-14	7
2021-11-15	40
2021-11-16	185
2021-11-17	473
2021-11-18	79
2021-11-19	125
2021-11-20	214
2021-11-21	224
2021-11-22	327
2021-11-23	177
2021-11-24	191
2021-11-25	280
2021-11-26	168
2021-11-27	88
2021-11-28	12
2021-11-29	160
2021-11-30	108
2021-12-01	19
2021-12-02	26
2021-12-03	122
2021-12-04	438
2021-12-05	496
2021-12-06	8
2021-12-07	23
2021-12-08	309
2021-12-09	326
2021-12-10	367
2021-12-11	499
2021-12-12	12
2021-12-13	62
2021-12-15	478
2021-12-16	370
2021-12-17	323
2021-12-18	166
2021-12-19	204
2021-12-20	179
2021-12-21	116
2021-12-22	2
2021-12-23	115
2021-12-25	129
2021-12-26	75
2021-12-27	19
2021-12-28	96
2021-12-29	350
2021-12-30	141
2021-12-31	93
2022-01-03	70
2022-01-05	17
2022-01-06	66
2022-01-07	16
2022-01-08	82
2022-01-12	78
2022-01-13	65
2022-01-14	95
2022-01-15	93
2022-01-16	153
2022-01-18	29
2023-10-07	4
2024-05-29	10
2024-05-30	22
2026-03-07	2
