2025-08-13	15
2025-08-18	20
2025-08-25	26
2025-09-03	2
2025-09-04	12
2025-09-09	2
2025-09-12	8
2025-09-13	2
2025-09-23	6
2025-09-26	4
2025-10-06	15
2025-10-09	10
2025-10-11	16
2025-10-12	2
2025-10-17	4
2025-10-22	2
2025-10-27	2
2025-11-13	14
2025-11-19	132
2025-11-22	25
2025-11-23	2
2025-11-29	13
2025-12-05	23
2025-12-07	2
2025-12-10	10
2025-12-22	2
2026-01-03	8
2026-01-07	4
2026-01-12	4
2026-01-17	4
2026-01-23	4
2026-01-29	2
2026-02-05	3
2026-02-06	2
2026-02-10	6
2026-02-13	10
2026-02-18	4
2026-02-19	4
2026-02-22	28
2026-02-25	18
2026-03-01	2
2026-03-02	2
2026-03-04	10
2026-03-12	7
2026-03-19	52
2026-03-20	2
2026-03-21	4
2026-03-24	2
2026-03-25	4
2026-03-29	6
2026-03-30	6
2026-04-05	2
2026-04-07	8
2026-04-08	4
2026-04-09	2
2026-04-19	30
2026-04-20	4
2026-04-21	21
2026-04-22	8
2026-04-23	2
2026-04-26	2
2026-04-28	8
2026-04-29	6
2026-05-02	2
2026-05-04	8
2026-05-05	14
2026-05-06	34
2026-05-07	2
2026-05-10	10
2026-05-12	8
2026-05-13	15
2026-05-14	10
2026-05-16	12
2026-05-17	2
2026-05-18	13
2026-05-19	18
2026-05-20	124
2026-05-21	10
2026-05-22	18
2026-05-23	12
2026-05-24	84
2026-05-25	11
2026-05-27	4
2026-05-28	24
2026-06-01	2
2026-06-06	2
2026-06-10	2
2026-06-15	16
2026-06-20	4
2026-06-21	2
2026-06-22	4
2026-06-28	6
2026-06-29	18
2026-07-03	6
2026-07-09	32
2026-07-27	2
2026-08-16	4
