2008-10-07	fb	1	0
2008-10-10	fb	1	0
2008-10-11	fb	1	0
2008-10-14	fb	2	0
2008-10-20	fb	2	0
2008-10-28	fb	1	0
2008-10-29	fb	1	0
2008-10-31	fb	1	0
2008-11-04	fb	1	0
2008-11-08	fb	2	0
2008-11-11	fb	4	0
2008-11-12	fb	2	0
2008-11-13	fb	1	0
2008-12-30	fb	1	0
2009-01-01	fb	1	0
2009-01-02	fb	1	0
2009-01-10	fb	1	0
2009-01-13	fb	4	0
2009-01-14	fb	2	0
2009-01-15	fb	1	0
2009-01-19	fb	3	0
2009-01-20	fb	1	0
2009-01-23	fb	2	0
2009-01-24	fb	1	0
2009-01-25	fb	1	0
2009-01-26	fb	1	0
2009-03-20	fb	1	0
2009-04-10	fb	1	0
2009-04-16	fb	1	0
2009-04-17	fb	1	0
2009-04-18	fb	3	0
2009-04-19	fb	4	0
2009-04-20	fb	2	0
2009-04-21	fb	3	0
2009-04-22	fb	2	0
2009-04-23	fb	1	0
2009-04-25	fb	1	0
2009-04-29	fb	1	0
2009-07-31	fb	6	0
2009-08-01	fb	2	0
2009-08-02	fb	1	0
2009-08-03	fb	3	0
2009-08-05	fb	3	0
2009-08-06	fb	1	0
2009-08-07	fb	3	0
2009-08-08	fb	1	0
2009-11-22	fb	1	0
2010-01-19	fb	1	0
2010-01-21	fb	1	0
2010-01-25	fb	1	0
2010-01-26	fb	1	0
2010-02-01	fb	1	0
2010-02-02	fb	1	0
2010-02-03	fb	1	0
2010-02-04	fb	1	0
2010-02-07	fb	1	0
2010-02-22	fb	1	0
2010-02-24	fb	2	0
2010-03-09	fb	1	0
2010-03-16	fb	1	0
2010-03-24	fb	1	0
2010-03-29	fb	1	0
2010-03-30	fb	1	0
2010-03-31	fb	2	0
2010-04-07	fb	1	0
2010-04-11	fb	1	0
2010-04-19	fb	1	0
2010-08-18	fb	2	0
2010-08-19	fb	2	0
2010-08-20	fb	2	0
2010-08-22	fb	3	0
2010-08-24	fb	1	0
2010-08-25	fb	1	0
2010-08-26	fb	2	0
2010-08-27	fb	2	0
2010-08-28	fb	3	0
2010-08-29	fb	2	0
2010-11-12	fb	1	0
2010-11-19	fb	1	0
2010-11-22	fb	3	0
2010-11-23	fb	2	0
2010-11-24	fb	3	0
2010-11-25	fb	6	0
2010-11-26	fb	4	0
2011-06-14	fb	1	0
2011-06-15	fb	1	0
2011-06-29	fb	1	0
2011-07-01	fb	1	0
2011-07-06	fb	1	0
2011-07-10	fb	1	0
2011-07-13	fb	1	0
2011-07-22	fb	1	0
2011-07-29	fb	1	0
2011-08-04	fb	1	0
2011-08-08	fb	1	0
2011-08-09	fb	1	0
2011-08-19	fb	1	0
2011-08-23	fb	1	0
2011-08-25	fb	1	0
2011-09-06	fb	1	0
2011-09-07	fb	1	0
2011-09-10	fb	1	0
2011-09-23	fb	2	0
2013-04-04	fb	1	0
2013-05-05	fb	1	0
2013-05-23	fb	1	0
2013-06-05	fb	1	0
2013-06-18	fb	1	0
2013-10-23	fb	1	0
2013-10-30	fb	1	0
2013-11-27	fb	2	0
2013-12-21	fb	1	0
2013-12-25	fb	1	0
2014-01-06	fb	1	0
2014-01-08	fb	1	0
2014-01-22	fb	1	0
2014-01-31	fb	1	0
2014-02-05	fb	1	0
2014-02-07	fb	2	0
2014-02-15	fb	1	0
2014-02-27	fb	1	0
2014-12-29	fb	1	0
2014-12-30	fb	1	0
2015-01-06	fb	1	0
2015-02-08	fb	1	0
2015-02-11	fb	1	0
2015-02-12	fb	1	0
2015-03-30	fb	1	0
2015-04-01	fb	1	0
2015-04-07	fb	10	0
2015-04-13	fb	1	0
2015-04-28	fb	1	0
2016-02-29	ig	3	0
2016-03-01	ig	1	0
2016-03-10	ig	2	0
2016-03-11	ig	1	0
2016-03-17	ig	1	0
2016-05-01	fb	1	0
2016-05-02	fb	1	0
2016-05-16	fb	1	0
2016-06-01	fb	1	0
2016-06-16	fb	1	0
2016-06-19	fb	1	0
2016-07-12	fb	1	0
2016-07-14	fb	1	0
2016-07-15	ig	3	0
2016-07-16	fb	1	0
2016-07-16	ig	4	0
2016-07-18	ig	2	0
2016-07-19	ig	2	0
2016-07-23	fb	1	0
2016-07-27	fb	1	0
2016-07-28	ig	1	0
2016-07-29	ig	1	0
2016-08-06	ig	5	0
2016-08-08	ig	1	0
2016-08-17	ig	1	0
2016-08-18	fb	1	0
2016-08-21	ig	1	0
2016-08-22	fb	1	0
2016-08-23	fb	1	0
2016-08-26	fb	1	0
2016-08-28	fb	1	0
2016-11-08	fb	1	0
2016-11-10	fb	2	0
2016-11-11	fb	1	0
2016-11-21	ig	1	0
2016-12-02	ig	3	0
2016-12-13	ig	1	0
2018-08-24	fb	1	0
2018-08-27	fb	2	0
2018-10-11	fb	1	0
2018-10-16	fb	1	0
2018-10-18	fb	1	0
2018-10-29	fb	1	0
2018-11-06	fb	1	0
2018-11-14	fb	1	0
2018-12-26	ig	1	0
2018-12-28	fb	1	0
2019-01-06	fb	1	0
2019-02-20	fb	2	0
2019-02-21	fb	1	0
2019-02-25	fb	2	0
2019-02-26	ig	9	0
2019-03-04	fb	1	0
2019-03-05	fb	1	0
2019-03-09	ig	9	0
2019-03-12	ig	1	0
2019-03-27	fb	1	0
2019-04-25	fb	1	0
2019-05-25	fb	1	0
2019-05-27	fb	1	0
2019-05-28	fb	4	0
2019-05-29	fb	4	0
2019-05-30	fb	3	0
2019-05-31	fb	1	0
2019-06-07	fb	1	0
2019-06-09	fb	1	0
2019-06-12	fb	1	0
2019-06-19	fb	1	0
2019-06-20	fb	2	0
2019-07-08	ig	1	0
2019-07-11	ig	1	0
2019-07-20	fb	11	0
2019-07-21	fb	8	0
2019-07-22	fb	21	0
2019-07-23	fb	20	0
2019-08-14	ig	6	0
2019-10-27	ig	6	0
2019-11-08	fb	1	0
2019-11-09	fb	1	0
2019-11-13	fb	1	0
2019-11-14	fb	3	0
2019-11-15	fb	2	0
2019-11-18	fb	1	0
2019-11-20	fb	2	0
2019-11-21	fb	1	0
2019-11-24	fb	1	0
2019-11-26	fb	2	0
2019-11-29	fb	1	0
2019-12-07	fb	1	0
2019-12-09	fb	3	0
2020-02-27	fb	3	0
2020-02-28	fb	5	0
2020-03-01	fb	1	0
2020-03-02	fb	1	0
2020-03-05	fb	1	0
2020-03-07	fb	2	0
2020-03-14	fb	1	0
2020-03-16	fb	2	0
2020-03-17	fb	4	0
2020-04-04	fb	11	0
2020-04-05	fb	3	0
2020-04-06	fb	6	0
2020-05-02	fb	2	0
2020-05-03	fb	3	0
2020-05-04	fb	1	0
2020-05-07	fb	6	0
2020-05-08	fb	5	0
2020-05-09	fb	2	0
2020-05-12	fb	1	0
2020-06-02	fb	2	0
2020-06-04	fb	1	0
2020-06-05	fb	2	0
2020-06-07	fb	1	0
2020-06-09	fb	1	0
2020-06-14	fb	1	0
2020-06-16	fb	1	0
2020-06-18	fb	1	0
2020-06-19	fb	6	0
2020-06-20	fb	2	0
2020-06-21	fb	2	0
2020-07-17	fb	1	0
2020-07-19	fb	1	0
2020-07-21	fb	4	0
2020-07-22	fb	2	0
2020-07-26	fb	2	0
2020-07-29	fb	2	0
2020-07-31	fb	4	0
2020-08-03	fb	1	0
2020-08-04	fb	1	0
2020-08-06	fb	2	0
2020-09-05	fb	1	0
2020-09-09	fb	1	0
2020-09-10	fb	1	0
2020-09-11	fb	2	0
2020-09-14	fb	1	0
2020-09-17	fb	3	0
2020-09-18	fb	1	0
2020-09-20	fb	4	0
2020-09-21	fb	3	0
2020-09-22	fb	3	0
2020-10-13	fb	1	0
2020-10-14	fb	2	0
2020-10-15	fb	5	2
2020-10-16	fb	2	0
2020-10-17	fb	3	0
2020-10-18	fb	3	1
2020-10-19	fb	4	2
2020-11-29	fb	1	0
2020-12-01	fb	1	0
2020-12-03	fb	14	0
2020-12-04	fb	1	0
2020-12-06	fb	2	0
2020-12-07	fb	1	0
2020-12-31	fb	6	0
2021-01-01	fb	1	0
2021-01-02	fb	2	0
2021-01-03	fb	3	0
2021-01-04	fb	1	0
2021-01-05	fb	3	0
2021-01-06	fb	4	0
2021-01-22	fb	1	0
2021-01-23	fb	1	0
2021-01-24	fb	1	0
2021-01-30	fb	1	0
2021-01-31	fb	1	0
2021-02-01	fb	3	0
2021-02-03	fb	1	0
2021-02-05	fb	1	0
2021-02-08	fb	3	0
2021-02-09	fb	1	0
2021-02-13	fb	3	0
2021-02-14	fb	3	0
2021-02-28	fb	5	0
2021-03-01	fb	9	0
2021-03-02	fb	6	0
2021-03-21	fb	9	0
2021-03-22	fb	1	0
2021-03-23	fb	1	0
2021-03-24	fb	6	0
2021-03-26	fb	2	0
2021-03-28	fb	1	0
2021-04-25	ig	11	0
2021-04-26	ig	1	0
2021-04-27	fb	5	0
2021-04-27	ig	19	14
2021-04-29	ig	1	0
2021-04-30	fb	9	0
2021-04-30	ig	27	12
2021-05-01	fb	6	0
2021-05-01	ig	29	0
2021-05-02	ig	7	0
2021-05-03	ig	5	0
2021-05-04	fb	9	0
2021-05-04	ig	5	0
2021-05-05	fb	2	0
2021-05-05	ig	1	0
2021-05-06	fb	4	0
2021-05-06	ig	4	0
2021-05-07	fb	1	0
2021-05-08	fb	4	0
2021-05-08	ig	9	0
2021-05-17	ig	3	0
2021-05-18	ig	1	0
2021-05-26	fb	5	0
2021-05-26	ig	24	0
2021-05-27	fb	5	0
2021-05-28	fb	2	0
2021-05-29	fb	4	0
2021-05-30	fb	1	0
2021-05-31	fb	1	0
2021-06-01	fb	2	0
2021-06-19	ig	6	0
2021-06-20	fb	10	0
2021-06-20	ig	14	0
2021-06-21	fb	10	0
2021-06-21	ig	23	0
2021-06-24	ig	12	0
2021-06-25	fb	14	0
2021-06-25	ig	13	0
2021-06-26	fb	1	0
2021-06-26	ig	5	0
2021-06-27	fb	5	0
2021-06-27	ig	2	0
2021-06-28	ig	2	0
2021-06-29	ig	1	0
2021-07-01	ig	1	0
2021-07-04	ig	1	1
2021-07-09	ig	1	0
2021-07-10	ig	2	0
2021-07-11	ig	4	0
2021-07-12	ig	1	0
2021-07-13	ig	3	0
2021-07-15	fb	8	2
2021-07-15	ig	13	2
2021-07-16	fb	2	0
2021-07-16	ig	35	0
2021-07-17	fb	10	0
2021-07-17	ig	1	0
2021-07-18	fb	7	0
2021-07-18	ig	15	0
2021-07-20	fb	3	0
2021-07-20	ig	3	0
2021-07-21	fb	2	0
2021-07-21	ig	2	0
2021-07-22	fb	1	0
2021-07-22	ig	1	0
2021-07-23	fb	7	1
2021-07-23	ig	6	0
2021-08-25	fb	1	0
2021-08-25	ig	1	0
2021-08-26	fb	2	0
2021-08-27	fb	6	0
2021-08-30	fb	1	0
2021-08-30	ig	1	0
2021-08-31	fb	3	0
2021-09-01	fb	1	0
2021-09-02	fb	1	0
2021-09-03	fb	1	0
2021-09-04	fb	1	0
2021-09-06	fb	23	0
2021-09-06	ig	91	0
2021-09-21	fb	2	0
2021-09-30	ig	1	1
2021-10-01	fb	2	2
2021-10-01	ig	1	1
2021-10-03	fb	2	2
2021-10-03	ig	8	8
2021-10-04	fb	8	8
2021-10-04	ig	2	2
2021-10-07	fb	6	6
2021-10-07	ig	12	12
2021-10-08	ig	1	1
2021-10-11	ig	1	1
2021-10-14	ig	3	2
2021-10-15	ig	1	1
2021-10-16	ig	4	4
2021-10-19	ig	4	4
2021-10-20	ig	1	1
2021-10-25	ig	11	11
2021-10-26	fb	1	1
2021-10-26	ig	1	1
2021-10-28	fb	2	0
2021-10-29	fb	2	0
2021-10-31	fb	6	6
2021-10-31	ig	6	6
2021-11-01	fb	1	0
2021-11-03	fb	2	0
2021-11-09	fb	1	0
2021-11-16	fb	1	0
2021-11-19	fb	1	0
2021-11-21	fb	1	0
2021-11-22	fb	2	0
2021-11-22	ig	2	0
2021-11-25	ig	4	4
2021-11-26	ig	7	7
2021-11-27	ig	1	1
2021-12-11	ig	3	3
2021-12-12	ig	6	6
2021-12-21	fb	9	9
2021-12-21	ig	11	11
2021-12-24	fb	10	10
2021-12-24	ig	10	10
2021-12-29	fb	1	0
2021-12-29	ig	3	3
2021-12-31	ig	5	5
2022-01-16	ig	1	0
2022-01-17	ig	4	0
2022-01-18	ig	16	14
2022-02-07	fb	1	0
2022-02-19	fb	9	8
2022-02-19	ig	8	8
2022-02-21	fb	1	0
2022-02-24	fb	3	0
2022-02-25	ig	3	3
2022-02-26	fb	5	5
2022-02-26	ig	3	3
2022-02-27	fb	1	1
2022-03-06	ig	1	1
2022-04-04	ig	7	0
2022-04-08	fb	3	0
2022-04-09	fb	3	0
2022-04-10	fb	2	0
2022-04-11	fb	12	0
2022-04-11	ig	2	2
2022-04-12	ig	4	4
2022-04-27	fb	7	7
2022-04-27	ig	10	10
2022-04-29	fb	4	0
2022-04-30	fb	7	7
2022-04-30	ig	7	7
2022-05-01	fb	2	0
2022-05-07	ig	5	5
2022-05-08	ig	5	5
2022-05-09	fb	7	3
2022-05-09	ig	3	3
2022-05-10	fb	2	2
2022-05-10	ig	2	2
2022-05-12	fb	6	6
2022-05-12	ig	5	5
2022-05-15	fb	2	0
2022-05-16	fb	2	2
2022-05-16	ig	2	2
2022-05-18	fb	1	0
2022-05-18	ig	18	0
2022-05-19	ig	25	0
2022-05-20	fb	5	0
2022-05-20	ig	1	0
2022-05-21	fb	5	0
2022-05-21	ig	4	0
2022-05-22	fb	8	0
2022-05-22	ig	10	0
2022-05-23	fb	2	0
2022-05-23	ig	21	0
2022-05-24	ig	3	3
2022-05-26	fb	12	0
2022-05-26	ig	8	0
2022-05-27	fb	8	0
2022-05-27	ig	46	0
2022-05-28	fb	10	0
2022-05-28	ig	14	0
2022-05-29	fb	10	0
2022-05-29	ig	9	0
2022-05-30	ig	9	0
2022-05-31	ig	1	0
2022-06-01	ig	5	0
2022-06-02	ig	25	0
2022-06-03	fb	13	1
2022-06-03	ig	4	1
2022-06-04	fb	5	0
2022-06-04	ig	3	0
2022-06-07	fb	2	0
2022-06-07	ig	5	0
2022-06-12	ig	1	1
2022-06-14	ig	1	0
2022-06-23	ig	6	0
2022-06-24	fb	20	0
2022-06-25	ig	13	0
2022-07-18	fb	1	0
2022-07-19	fb	1	0
2022-07-22	fb	16	0
2022-07-22	ig	16	0
2022-07-23	fb	2	0
2022-07-23	ig	9	0
2022-07-30	fb	20	0
2022-07-30	ig	43	0
2022-07-31	ig	9	0
2022-08-02	ig	14	0
2022-08-06	ig	10	10
2022-08-08	ig	9	3
2022-08-09	fb	20	12
2022-08-09	ig	14	14
2022-08-11	ig	17	0
2022-08-12	fb	3	3
2022-08-12	ig	4	0
2022-08-13	fb	6	1
2022-08-14	fb	1	0
2022-08-15	fb	1	0
2022-08-19	fb	1	0
2022-08-20	fb	2	0
2022-08-25	fb	5	0
2022-08-25	ig	28	0
2022-08-26	fb	1	0
2022-08-26	ig	7	0
2022-08-28	ig	1	0
2022-08-29	ig	1	1
2022-08-30	fb	3	0
2022-08-31	fb	16	0
2022-08-31	ig	6	0
2022-09-01	fb	1	0
2022-09-02	ig	12	0
2022-09-03	ig	13	0
2022-09-04	ig	6	0
2022-09-05	ig	7	0
2022-09-06	fb	2	0
2022-09-06	ig	2	0
2022-09-09	fb	3	0
2022-09-17	fb	5	0
2022-09-23	fb	10	0
2022-09-23	ig	11	0
2022-10-12	ig	11	0
2022-10-17	ig	9	0
2022-10-25	ig	17	17
2022-10-27	fb	1	0
2022-10-28	fb	10	0
2022-11-02	fb	9	0
2022-11-02	ig	17	0
2022-11-28	fb	6	0
2022-11-28	ig	5	0
2022-12-02	fb	4	0
2022-12-04	fb	10	0
2022-12-07	ig	2	2
2022-12-11	ig	5	3
2022-12-13	fb	1	0
2022-12-13	ig	5	5
2022-12-14	ig	9	9
2022-12-17	ig	1	1
2022-12-18	ig	1	1
2022-12-22	fb	3	0
2022-12-29	fb	1	0
2022-12-30	fb	1	0
2022-12-31	fb	2	0
2023-01-03	fb	2	0
2023-01-03	ig	5	5
2023-01-04	fb	1	0
2023-01-06	fb	1	0
2023-01-07	fb	2	0
2023-01-07	ig	10	10
2023-01-08	fb	3	0
2023-01-08	ig	1	1
2023-01-09	fb	2	0
2023-01-09	ig	2	2
2023-01-11	fb	1	0
2023-01-13	ig	3	3
2023-01-14	ig	8	8
2023-01-22	fb	11	0
2023-01-22	ig	33	0
2023-01-23	fb	1	0
2023-01-24	fb	2	0
2023-01-25	fb	3	0
2023-01-25	ig	1	0
2023-01-29	fb	1	0
2023-01-30	fb	1	0
2023-02-02	fb	1	0
2023-03-01	fb	20	1
2023-03-12	fb	1	0
2023-03-12	ig	1	0
2023-03-13	fb	1	0
2023-03-15	fb	1	0
2023-04-01	fb	16	0
2023-04-03	fb	1	0
2023-05-09	fb	1	0
2023-05-10	fb	1	0
2023-05-12	fb	1	0
2023-05-13	fb	1	0
2023-05-14	fb	1	0
2023-05-15	fb	1	0
2023-05-19	fb	13	0
2023-06-06	ig	1	1
2023-06-12	fb	1	0
2023-06-13	fb	2	0
2023-06-14	fb	5	0
2023-06-15	fb	2	1
2023-06-17	fb	7	0
2023-06-20	fb	3	0
2023-06-23	fb	20	0
2023-06-25	fb	3	0
2023-06-26	fb	16	0
2023-07-06	fb	3	0
2023-07-07	fb	1	0
2023-07-08	fb	16	4
2023-07-12	fb	10	1
2023-07-14	fb	1	0
2023-07-16	fb	1	0
2023-07-17	fb	1	0
2023-07-18	fb	2	0
2023-07-19	fb	2	0
2023-07-21	fb	1	0
2023-07-29	fb	1	0
2023-08-07	ig	1	1
2023-08-12	ig	1	1
2023-08-31	ig	1	1
2023-09-04	ig	2	2
2023-09-29	ig	1	1
2023-09-30	fb	1	0
2023-10-03	fb	3	0
2023-10-06	fb	1	0
2023-10-07	fb	6	0
2023-10-08	fb	2	0
2023-10-09	fb	3	0
2023-10-10	fb	3	0
2023-10-19	ig	1	1
2023-11-05	fb	1	0
2023-11-06	fb	18	0
2023-11-07	fb	1	0
2023-11-17	ig	1	1
2023-12-12	fb	1	0
2023-12-16	fb	1	0
2023-12-19	ig	1	1
2023-12-20	fb	2	0
2024-01-09	fb	1	0
2024-01-11	fb	2	0
2024-01-15	fb	1	0
2024-01-15	ig	2	2
2024-01-16	fb	1	0
2024-01-18	fb	4	0
2024-01-19	fb	2	0
2024-01-21	fb	2	0
2024-01-22	fb	1	0
2024-01-23	fb	1	0
2024-01-26	fb	1	0
2024-01-29	ig	1	1
2024-02-02	ig	1	1
2024-02-03	ig	1	0
2024-02-19	ig	1	1
2024-02-21	ig	1	1
2024-02-22	ig	1	0
2024-02-27	ig	6	6
2024-03-12	fb	1	0
2024-03-22	fb	3	0
2024-03-26	fb	1	0
2024-03-28	fb	1	1
2024-03-30	fb	2	1
2024-03-31	fb	2	1
2024-04-03	fb	1	0
2024-04-05	fb	2	0
2024-04-06	fb	2	0
2024-04-08	fb	1	0
2024-04-08	ig	1	0
2024-04-09	fb	4	0
2024-04-15	fb	2	0
2024-04-16	fb	12	0
2024-04-16	ig	6	0
2024-04-17	fb	1	0
2024-04-17	ig	1	0
2024-04-18	fb	1	0
2024-04-19	fb	4	0
2024-04-21	ig	3	3
2024-05-04	fb	3	0
2024-05-07	fb	5	0
2024-05-07	ig	9	9
2024-05-09	ig	2	2
2024-05-10	fb	1	0
2024-05-11	ig	4	4
2024-05-12	ig	1	1
2024-05-13	ig	2	2
2024-05-18	fb	2	0
2024-05-18	ig	1	0
2024-05-20	ig	3	3
2024-05-22	fb	1	0
2024-05-24	ig	1	1
2024-05-25	fb	1	0
2024-05-25	ig	3	3
2024-05-26	ig	2	2
2024-05-28	fb	1	0
2024-05-28	ig	3	3
2024-05-30	fb	2	0
2024-06-08	ig	1	1
2024-06-11	ig	1	1
2024-06-22	fb	1	0
2024-06-26	ig	1	1
2024-06-27	fb	2	1
2024-06-29	fb	1	1
2024-06-29	ig	3	3
2024-06-30	ig	6	5
2024-07-01	ig	1	0
2024-07-14	ig	1	0
2024-07-17	ig	1	1
2024-07-19	ig	1	1
2024-07-21	ig	1	1
2024-07-25	ig	2	2
2024-07-27	ig	1	1
2024-07-29	fb	1	0
2024-08-01	ig	3	3
2024-08-03	fb	1	1
2024-08-03	ig	2	2
2024-08-04	fb	1	0
2024-08-04	ig	3	3
2024-08-06	fb	14	14
2024-08-17	fb	3	0
2024-08-17	ig	1	1
2024-08-18	ig	2	2
2024-08-21	ig	1	1
2024-08-22	ig	3	3
2024-08-26	ig	1	1
2024-08-30	ig	1	1
2024-08-31	ig	1	1
2024-09-01	ig	1	1
2024-09-11	ig	2	2
2024-09-12	ig	1	1
2024-09-16	ig	1	1
2024-09-25	ig	2	1
2024-09-26	ig	3	2
2024-09-30	ig	1	1
2024-10-06	ig	1	0
2024-10-07	ig	2	2
2024-10-09	ig	1	1
2024-10-14	fb	13	0
2024-10-14	ig	1	0
2024-10-15	fb	13	0
2024-10-15	ig	6	6
2024-10-16	fb	1	0
2024-10-17	fb	3	2
2024-10-17	ig	1	1
2024-10-18	fb	7	0
2024-10-29	fb	2	0
2024-11-01	fb	1	0
2024-11-01	ig	1	0
2024-11-04	ig	1	1
2024-11-06	fb	5	1
2024-11-07	fb	1	0
2024-11-14	fb	2	0
2024-11-15	fb	9	0
2024-11-15	ig	6	0
2024-11-16	fb	2	0
2024-11-18	fb	1	0
2024-11-18	ig	1	1
2024-11-19	ig	1	1
2024-11-20	ig	1	1
2024-11-24	ig	7	3
2024-11-25	fb	4	0
2024-11-26	fb	16	0
2024-11-26	ig	9	0
2024-11-28	ig	6	0
2024-11-29	fb	3	0
2024-11-29	ig	4	0
2024-12-01	fb	2	0
2024-12-01	ig	1	0
2024-12-02	fb	15	0
2024-12-15	fb	3	2
2024-12-15	ig	2	1
2024-12-16	fb	4	0
2024-12-16	ig	1	0
2024-12-17	fb	1	1
2024-12-17	ig	1	1
2024-12-19	fb	9	0
2024-12-20	fb	2	0
2024-12-21	fb	1	0
2024-12-21	ig	2	0
2024-12-31	ig	1	1
2025-01-01	ig	1	1
2025-01-07	ig	1	0
2025-01-09	ig	1	0
2025-01-11	ig	1	0
2025-01-13	ig	1	0
2025-01-16	ig	2	0
2025-01-19	ig	2	0
2025-01-20	ig	1	0
2025-01-25	fb	9	1
2025-01-25	ig	1	1
2025-01-26	fb	10	3
2025-01-26	ig	3	2
2025-01-27	fb	1	0
2025-01-28	ig	1	0
2025-01-31	ig	1	0
2025-02-01	ig	2	1
2025-02-03	ig	1	0
2025-02-08	ig	2	1
2025-02-10	fb	2	2
2025-02-16	fb	4	0
2025-02-16	ig	2	0
2025-02-18	fb	5	2
2025-02-18	ig	1	0
2025-02-19	fb	1	0
2025-02-21	fb	1	1
2025-02-24	fb	2	1
2025-02-26	fb	1	1
2025-03-02	fb	1	0
2025-03-05	ig	1	1
2025-03-31	ig	4	4
2025-04-07	fb	3	0
2025-04-07	ig	4	0
2025-04-10	ig	1	0
2025-04-18	ig	1	0
2025-04-19	ig	1	1
2025-04-20	ig	2	0
2025-04-27	ig	2	0
2025-04-28	ig	1	0
2025-04-30	ig	1	0
2025-05-03	ig	1	0
2025-05-17	ig	1	0
2025-05-18	ig	1	0
2025-05-19	ig	1	0
2025-06-09	ig	1	1
2025-06-16	fb	2	0
2025-06-19	fb	2	1
2025-06-19	ig	1	0
2025-06-20	fb	16	0
2025-06-20	ig	1	0
2025-06-25	ig	2	0
2025-06-27	ig	2	0
2025-06-28	ig	1	0
2025-07-11	fb	9	0
2025-07-12	fb	1	0
2025-07-12	ig	1	1
2025-07-13	fb	1	0
2025-07-13	ig	1	0
2025-07-17	fb	1	0
2025-07-20	fb	3	0
2025-07-20	ig	2	0
2025-07-21	fb	2	0
2025-07-21	ig	1	0
2025-07-25	fb	3	0
2025-07-25	ig	1	0
2025-08-03	ig	1	0
2025-08-04	ig	21	21
2025-08-14	ig	1	0
2025-08-22	ig	1	0
2025-08-25	ig	2	0
2025-08-31	fb	1	0
2025-09-01	fb	3	1
2025-09-03	fb	3	1
2025-09-03	ig	1	0
2025-09-04	fb	5	4
2025-09-05	fb	1	1
2025-09-06	fb	2	2
2025-09-10	fb	2	2
2025-09-13	fb	3	0
2025-09-13	ig	1	0
2025-09-18	ig	1	0
2025-09-19	ig	1	0
2025-09-21	ig	2	0
2025-09-28	ig	1	0
2025-10-07	ig	1	0
2025-10-12	ig	1	1
2025-10-18	fb	1	0
2025-10-21	fb	1	1
2025-10-22	fb	1	1
2025-10-23	fb	1	1
2025-10-25	fb	3	3
2025-10-29	fb	1	1
2025-10-30	fb	1	0
2025-10-30	ig	1	0
2025-10-31	fb	3	1
2025-11-02	fb	1	1
2025-11-05	fb	1	1
2025-11-07	fb	1	0
2025-11-10	fb	1	0
2025-11-11	fb	1	1
2025-11-13	fb	1	1
2025-11-14	fb	2	1
2025-11-20	ig	1	0
2025-12-11	ig	1	0
2025-12-15	fb	7	0
2025-12-15	ig	2	0
2025-12-17	fb	3	0
2025-12-18	fb	1	1
2025-12-19	fb	2	2
2025-12-21	fb	1	0
2025-12-24	fb	1	0
2025-12-25	fb	2	0
2025-12-31	fb	2	0
2026-01-07	fb	1	1
2026-01-13	ig	1	1
2026-01-15	ig	1	1
2026-01-18	ig	1	1
2026-02-02	ig	1	0
2026-02-03	ig	1	0
2026-02-04	ig	3	0
2026-02-05	ig	4	0
2026-02-28	ig	1	1
2026-03-02	ig	1	0
2026-03-05	ig	3	3
2026-03-06	ig	1	1
2026-03-07	fb	3	1
2026-03-07	ig	1	0
2026-03-08	fb	5	4
2026-03-10	fb	3	3
2026-03-10	ig	3	3
2026-03-12	fb	2	0
2026-03-13	fb	2	2
2026-03-13	ig	2	2
2026-03-14	fb	5	5
2026-03-14	ig	5	5
2026-03-16	ig	3	3
2026-03-26	ig	3	3
2026-03-27	ig	1	1
2026-04-25	ig	1	1
2026-05-05	ig	1	1
2026-05-26	ig	6	6
2026-05-28	ig	1	1
2026-05-29	ig	2	2
2026-05-30	ig	3	3
2026-06-01	ig	1	1
2026-06-02	ig	1	1
2026-06-07	ig	4	4
2026-06-08	ig	1	1
2026-06-10	ig	2	2
2026-06-11	ig	1	1
2026-06-13	ig	4	4
2026-06-14	fb	1	1
2026-06-14	ig	2	2
2026-06-16	fb	6	6
2026-06-17	fb	1	1
2026-06-17	ig	1	1
2026-06-19	fb	2	2
2026-06-19	ig	2	2
2026-06-22	fb	2	2
2026-06-22	ig	2	2
2026-06-23	fb	1	1
2026-06-23	ig	1	1
2026-06-25	fb	2	1
2026-06-25	ig	3	3
2026-06-26	fb	1	0
2026-06-27	fb	1	0
2026-06-28	fb	1	1
2026-06-28	ig	1	1
2026-07-01	fb	1	1
2026-07-01	ig	2	2
2026-07-03	fb	1	1
2026-07-03	ig	6	6
2026-07-04	ig	7	7
2026-07-05	ig	1	1
2026-07-06	ig	2	2
2026-07-12	ig	1	1
2026-07-20	ig	1	1
2026-07-22	ig	2	2
2026-07-29	ig	6	6
2026-07-30	ig	6	6
2026-08-01	ig	6	6
2026-08-02	ig	4	4
2026-08-16	ig	4	4
2026-08-17	ig	2	2
2026-08-18	ig	2	2
2026-08-24	ig	14	14
2026-08-29	ig	2	2
2026-08-30	ig	2	2
2026-09-16	ig	2	2
2026-09-23	ig	2	1
2026-09-25	fb	1	1
2026-09-25	ig	2	2
2026-09-26	fb	1	1
2026-09-26	ig	2	2
2026-09-27	fb	1	1
2026-09-27	ig	2	2
2026-09-29	fb	1	1
2026-09-29	ig	2	2
2026-10-01	fb	1	1
2026-10-01	ig	1	1
2026-10-02	fb	4	1
2026-10-02	ig	2	2
2026-10-04	fb	6	5
2026-10-04	ig	10	10
2026-10-05	fb	4	4
2026-10-05	ig	8	8
2026-10-07	fb	1	1
2026-10-07	ig	3	3
