2008-07-12	1
2009-08-05	1
2019-10-17	1
2020-01-14	1
2020-02-02	1
2020-04-06	1
2020-12-30	1
2021-03-29	1
2021-05-03	1
2021-05-24	1
2021-05-28	5
2021-06-10	1
2021-06-19	1
2021-10-08	1
2022-02-27	1
2022-03-05	1
2022-03-15	1
2022-06-11	1
2022-08-23	2
2022-09-28	1
2022-10-15	3
2022-10-20	3
2022-10-31	4
2022-11-01	6
2022-11-02	1
2022-11-04	2
2022-11-05	2
2022-11-07	4
2022-11-09	7
2022-11-11	1
2022-11-12	2
2022-11-13	1
2022-11-15	2
2022-11-16	2
2022-11-17	2
2022-11-18	2
2022-11-20	1
2022-11-22	1
2022-11-23	1
2022-11-30	2
2022-12-01	1
2022-12-11	2
2022-12-12	5
2022-12-13	4
2022-12-16	2
2022-12-17	7
2022-12-18	1
2022-12-19	3
2022-12-20	119
2022-12-21	28
2022-12-22	12
2023-01-02	10
2023-01-03	1
2023-01-06	11
2023-01-08	2
2023-01-09	1
2023-01-14	41
2023-01-18	1
2023-01-23	1
2023-01-26	1
2023-02-03	1
2023-02-04	1
2023-02-10	4
2023-02-12	3
2023-02-13	2
2023-02-16	3
2023-02-18	4
2023-02-20	1
2023-02-27	6
2023-02-28	6
2023-03-03	3
2023-03-04	2
2023-03-05	8
2023-03-08	2
2023-03-09	14
2023-03-10	6
2023-03-12	1
2023-03-13	1
2023-03-15	18
2023-03-17	23
2023-03-18	3
2023-03-19	4
2023-03-20	38
2023-03-21	10
2023-03-22	3
2023-03-24	1
2023-03-25	21
2023-03-26	20
2023-03-27	6
2023-03-29	13
2023-03-30	47
2023-03-31	1
2023-04-01	25
2023-04-02	5
2023-04-03	17
2023-04-04	2
2023-04-05	5
2023-04-06	9
2023-04-07	3
2023-04-08	1
2023-04-09	6
2023-04-11	15
2023-04-12	12
2023-04-13	29
2023-04-14	2
2023-04-15	2
2023-04-16	22
2023-04-17	3
2023-04-18	6
2023-04-19	2
2023-04-21	6
2023-04-23	4
2023-04-27	8
2023-04-28	3
2023-05-01	1
2023-05-02	1
2023-05-03	1
2023-05-15	1
2023-05-20	3
2023-05-25	10
2023-05-27	3
2023-05-28	1
2023-05-29	1
2023-05-31	1
2023-06-06	6
2023-06-07	3
2023-06-08	1
2023-06-11	8
2023-06-20	4
2023-06-22	1
2023-06-24	1
2023-06-28	2
2023-06-29	1
2023-07-01	1
2023-07-07	1
2023-07-11	4
2023-07-12	1
2023-07-19	2
2023-07-20	1
2023-08-02	2
2023-08-11	2
2023-08-13	1
2023-08-16	1
2023-08-18	9
2023-08-19	3
2023-08-21	2
2023-08-27	4
2023-08-31	3
2023-09-01	1
2023-09-02	1
2023-09-03	4
2023-09-04	2
2023-09-15	1
2023-09-17	1
2023-09-18	1
2023-09-19	1
2023-09-21	5
2023-09-30	3
2023-10-04	3
2023-10-06	6
2023-10-09	9
2023-10-13	1
2023-10-14	4
2023-10-16	1
2023-10-17	11
2023-10-20	1
2023-10-27	5
2023-11-02	1
2023-11-10	1
2023-11-11	2
2023-11-12	1
2023-11-14	3
2023-11-15	4
2023-11-16	3
2023-11-17	3
2023-11-20	1
2023-11-21	1
2023-11-24	1
2023-11-26	1
2023-12-01	2
2023-12-02	7
2023-12-03	20
2023-12-04	27
2023-12-05	43
2023-12-07	8
2023-12-08	1
2023-12-11	2
2023-12-15	1
2023-12-22	1
2023-12-23	1
2023-12-24	12
2023-12-25	5
2024-01-06	2
2024-01-08	1
2024-01-16	2
2024-01-19	8
2024-01-20	4
2024-01-21	3
2024-01-22	5
2024-01-24	6
2024-01-25	2
2024-01-30	1
2024-01-31	2
2024-02-03	1
2024-02-04	1
2024-02-06	3
2024-02-09	2
2024-02-10	7
2024-02-11	14
2024-02-13	1
2024-02-17	14
2024-02-18	10
2024-02-19	15
2024-02-21	3
2024-02-24	1
2024-02-26	3
2024-03-01	1
2024-03-02	3
2024-03-04	4
2024-03-05	1
2024-03-07	1
2024-03-08	2
2024-03-12	1
2024-03-18	4
2024-03-19	7
2024-03-21	1
2024-03-22	1
2024-03-23	2
2024-03-28	3
2024-03-29	2
2024-03-31	1
2024-04-01	2
2024-04-03	10
2024-04-06	2
2024-04-07	3
2024-04-08	2
2024-04-10	1
2024-04-14	1
2024-04-15	6
2024-04-17	1
2024-04-20	3
2024-04-21	4
2024-04-22	16
2024-04-23	9
2024-04-24	11
2024-04-26	6
2024-04-28	2
2024-04-30	1
2024-05-01	1
2024-05-02	12
2024-05-04	8
2024-05-05	4
2024-05-10	2
2024-05-13	5
2024-05-14	5
2024-05-15	9
2024-05-16	63
2024-05-17	3
2024-05-18	48
2024-05-19	50
2024-05-20	44
2024-05-21	27
2024-05-22	13
2024-05-23	1
2024-05-24	13
2024-05-25	14
2024-05-26	16
2024-05-28	6
2024-05-30	29
2024-05-31	22
2024-06-02	9
2024-06-03	4
2024-06-07	1
2024-06-11	1
2024-06-12	3
2024-06-15	1
2024-06-16	4
2024-06-18	1
2024-06-19	2
2024-06-21	15
2024-06-22	3
2024-06-23	4
2024-06-27	3
2024-06-28	4
2024-06-30	5
2024-07-01	2
2024-07-02	7
2024-07-03	1
2024-07-04	6
2024-07-05	4
2024-07-06	13
2024-07-07	3
2024-07-08	11
2024-07-11	11
2024-07-12	18
2024-07-13	12
2024-07-15	37
2024-07-16	22
2024-07-17	54
2024-07-18	16
2024-07-25	2
2024-07-28	70
2024-07-29	2
2024-07-30	3
2024-07-31	6
2024-08-01	3
2024-08-03	5
2024-08-04	23
2024-08-05	6
2024-08-06	5
2024-08-08	12
2024-08-12	5
2024-08-13	3
2024-08-25	1
2024-08-30	2
2024-08-31	6
2024-09-02	26
2024-09-11	2
2024-09-12	1
2024-09-18	3
2024-09-20	4
2024-09-24	21
2024-09-25	20
2024-09-26	14
2024-09-27	5
2024-09-28	33
2024-09-29	5
2024-09-30	10
2024-10-01	19
2024-10-02	7
2024-10-05	10
2024-10-07	1
2024-10-10	5
2024-10-13	1
2024-10-15	2
2024-10-21	1
2024-11-03	12
2024-11-07	11
2024-11-08	1
2024-11-10	20
2024-11-11	44
2024-11-12	6
2024-11-13	23
2024-11-14	8
2024-11-15	3
2024-11-21	8
2024-12-05	2
2024-12-08	2
2024-12-09	1
2024-12-12	12
2024-12-13	3
2024-12-20	7
2024-12-21	34
2024-12-22	2
2024-12-23	25
2024-12-24	13
2024-12-25	4
2024-12-26	3
2024-12-27	11
2024-12-28	2
2024-12-29	3
2024-12-31	2
2025-01-01	12
2025-01-02	20
2025-01-03	4
2025-01-04	5
2025-01-05	9
2025-01-06	9
2025-01-07	6
2025-01-08	4
2025-01-10	4
2025-01-11	15
2025-01-12	4
2025-01-13	10
2025-01-14	7
2025-01-15	13
2025-01-16	4
2025-01-17	2
2025-01-18	24
2025-01-19	3
2025-01-20	13
2025-01-22	11
2025-01-23	10
2025-01-24	26
2025-01-25	2
2025-01-26	2
2025-01-27	6
2025-01-28	4
2025-01-29	16
2025-01-30	2
2025-01-31	8
2025-02-01	5
2025-02-02	1
2025-02-03	5
2025-02-04	2
2025-02-07	9
2025-02-08	6
2025-02-09	2
2025-02-10	2
2025-02-11	8
2025-02-12	1
2025-02-14	2
2025-02-15	4
2025-02-18	9
2025-02-19	1
2025-02-20	2
2025-02-22	4
2025-02-23	7
2025-02-24	4
2025-02-25	2
2025-03-04	4
2025-03-06	1
2025-03-08	2
2025-03-09	1
2025-03-10	1
2025-03-11	4
2025-03-12	3
2025-03-13	4
2025-03-15	20
2025-03-16	2
2025-03-23	2
2025-03-27	2
2025-03-28	7
2025-04-07	1
2025-04-08	4
2025-04-09	4
2025-04-12	2
2025-04-19	4
2025-04-23	2
2025-04-25	2
2025-04-28	3
2025-04-29	2
2025-05-03	1
2025-05-04	8
2025-05-07	4
2025-05-08	3
2025-05-09	2
2025-05-13	9
2025-05-18	2
2025-05-19	2
2025-05-21	6
2025-05-23	7
2025-05-25	1
2025-05-26	1
2025-05-27	5
2025-05-29	2
2025-05-30	6
2025-05-31	9
2025-06-02	4
2025-06-04	2
2025-06-07	1
2025-06-10	1
2025-06-11	3
2025-06-13	10
2025-06-14	2
2025-06-16	1
2025-06-17	1
2025-06-18	11
2025-06-19	12
2025-06-20	12
2025-06-21	14
2025-06-22	6
2025-06-23	8
2025-06-24	7
2025-06-25	9
2025-06-26	2
2025-06-27	4
2025-06-28	22
2025-06-29	6
2025-07-01	17
2025-07-02	6
2025-07-03	1
2025-07-05	1
2025-07-06	6
2025-07-07	4
2025-07-10	2
2025-07-11	2
2025-07-13	1
2025-07-14	5
2025-07-15	6
2025-07-24	1
2025-07-26	4
2025-07-27	3
2025-07-29	6
2025-07-30	3
2025-08-01	5
2025-08-02	20
2025-08-05	7
2025-08-06	21
2025-08-09	2
2025-08-10	2
2025-08-12	1
2025-08-13	41
2025-08-14	12
2025-08-15	1
2025-08-16	9
2025-08-17	3
2025-08-18	1
2025-08-20	2
2025-08-23	3
2025-08-26	4
2025-08-31	19
2025-09-03	1
2025-09-06	4
2025-09-09	2
2025-09-13	15
2025-09-14	13
2025-09-18	23
2025-09-19	5
2025-09-20	10
2025-09-22	1
2025-09-24	6
2025-10-01	2
2025-10-06	4
2025-10-09	2
2025-10-11	20
2025-10-18	1
2025-10-27	3
2025-11-06	2
2025-11-14	1
2025-11-21	2
2025-11-24	6
2025-11-25	1
2025-12-02	3
2025-12-06	12
2025-12-07	30
2025-12-08	9
2025-12-09	7
2025-12-11	16
2025-12-12	29
2025-12-13	9
2025-12-14	9
2025-12-15	16
2025-12-17	4
2025-12-18	1
2025-12-21	3
2025-12-24	8
2025-12-25	1
2025-12-26	4
2025-12-27	1
2025-12-28	1
2026-01-03	22
2026-01-04	1
2026-01-05	18
2026-01-07	5
2026-02-05	7
2026-02-09	2
2026-02-11	10
2026-02-13	1
2026-02-18	4
2026-02-21	1
2026-02-27	1
2026-02-28	11
2026-03-01	47
2026-03-02	1
2026-03-03	6
2026-03-04	2
2026-03-05	1
2026-03-07	2
2026-03-10	7
2026-03-11	2
2026-03-19	3
2026-03-20	1
2026-03-23	1
2026-03-27	1
2026-03-28	1
2026-04-05	3
2026-04-20	1
2026-04-26	1
2026-05-05	1
2026-05-16	1
2026-06-06	1
2026-06-11	1
2026-06-20	4
2026-06-28	2
2026-07-08	15
2026-07-18	1
2026-07-29	2
2026-07-31	1
2026-08-11	2
